Film ,Major_Studio,Rotten_Tomatoes,Audience_Score,Genre,Domestic_Gross,Foreign_Gross,Worldwide_Gross,Budget,Profitability,Oscar,Release_time
300,Warner Bros.,60,90,Action,210.61,245.45,456.07,65,701.64,0,2007
3:10 to Yuma,Lionsgate,88,85,Western,53.61,16.17,69.78,48,145.38,0,2007
30 Days of Night,Independent,50,57,Horror,39.57,35.53,75.1,32,234.67,0,2007
Across the Universe,Independent,54,84,Romance,24.34,5.02,29.37,45,65.26,0,2007
Alien vs. Predator -- Requiem,Fox,14,37,Horror,41.8,87.09,128.88,40,322.21,0,2007
Alvin and the Chipmunks,Fox,26,73,Animation,217.33,143.14,360.47,70,514.95,0,2007
American Gangster,Universal,79,87,Thriller,130.16,137.74,267.9,100,267.9,0,2007
Bee Movie,Paramount,52,57,Animation,126.63,160.49,287.12,150,191.42,0,2007
Beowulf,Paramount,71,52,Action,82.2,114.07,196.26,150,130.84,0,2007
Blades of Glory,Paramount,69,66,Comedy,118.59,27.11,145.71,61,238.87,0,2007
Charlie Wilson's War,Universal,82,73,Biography,66.66,51.81,118.48,75,157.97,0,2007
Daddy Day Camp,Sony,1,63,Comedy,13.24,4.96,18.2,6,303.29,0,2007
Disturbia,Paramount,67,75,Thriller,80.21,37.55,117.76,20,588.8,0,2007
Dragon Wars (aka D-War),Mediaplex,27,44,Action,10.98,63.27,74.25,75,99,0,2007
Enchanted,Disney,93,80,Comedy,127.81,212.68,340.49,85,400.57,0,2007
Epic Movie,Independent,2,38,Comedy,39.74,47.13,86.87,20,434.33,0,2007
Evan Almighty,Universal,23,56,Comedy,100.46,72.93,173.39,175,99.08,0,2007
Fantastic Four: Rise of the Silver Surfer,Fox,35,55,Action,131.92,157.13,289.05,130,222.34,0,2007
Ghost Rider,Sony,28,56,Action,115.8,112.94,228.74,110,207.94,0,2007
Good Luck Chuck,Lionsgate,3,61,Comedy,35.02,24.17,59.19,25,236.77,0,2007
Grindhouse,The Weinstein Company,82,86,Action,25.04,25.16,50.19,53,94.71,0,2007
Hairspray,Warner Bros.,92,84,Musical,118.87,83.68,202.55,75,270.06,0,2007
Halloween,The Weinstein Company,26,64,Horror,58.27,20.2,78.47,20,392.35,0,2007
Happily N'Ever After,Lionsgate,4,43,Animation,15.59,22.5,38.08,47,81.03,0,2007
Harry Potter and the Order of the Phoenix,Warner Bros.,78,82,Adventure,292,647.88,939.88,150,626.59,0,2007
Hitman,Fox,15,61,Action,39.69,60.28,99.96,17.5,571.22,0,2007
Hostel: Part II,Lionsgate,44,45,Horror,17.61,18.01,35.62,10,356.2,0,2007
I Am Legend,Warner Bros.,69,69,Thriller,256.39,327.76,584.16,150,389.44,0,2007
I Now Pronounce You Chuck and Larry,Universal,13,73,Comedy,120.06,65.99,186.05,85,218.89,0,2007
In the Land of Women,Warner Bros.,43,72,Comedy,11.05,6.51,17.56,10,175.62,0,2007
Into the Wild,Paramount,82,90,Drama,18.35,37.28,55.63,15,370.9,0,2007
Juno,Fox,94,89,Comedy,143.5,87.69,231.18,7.5,3082.46,1,2007
Knocked Up,Universal,91,83,Comedy,148.77,70.23,219,33,663.64,0,2007
License to Wed,Warner Bros.,8,55,Comedy,43.8,25.51,69.31,35,198.02,0,2007
Lions for Lambs,Independent,27,48,Drama,15,48.21,63.21,35,180.6,0,2007
Live Free or Die Hard,Fox,79,86,Action,134.53,249,383.53,110,348.66,0,2007
Meet the Robinsons,Disney,66,75,Animation,97.82,71.51,169.33,100,169.33,0,2007
Michael Clayton,Independent,90,72,Thriller,49.03,43.96,92.99,25,371.97,1,2007
Mr. Brooks,MGM,56,75,Thriller,28.55,19.57,48.12,20,240.61,0,2007
Mr. Magorium's Wonder Emporium,Independent,36,56,Fantasy,32.06,36.89,68.95,25,275.79,0,2007
Music and Lyrics,Warner Bros.,63,70,Romance,50.57,95.32,145.9,40,364.74,0,2007
Nancy Drew,Independent,49,61,Thriller,25.61,5.05,30.67,20,153.33,0,2007
National Treasure: Book of Secrets,Disney,31,72,Thriller,219.96,237.4,457.36,130,351.82,0,2007
Next,Paramount,29,59,Thriller,18.21,55.33,73.54,70,105.06,0,2007
No Country for Old Men,Paramount,95,84,Drama,74.28,86.72,161,25,644,1,2007
No Reservations,CBS,39,64,Comedy,43.11,49.49,92.6,28,330.72,0,2007
Norbit,Paramount,9,56,Comedy,95.67,63.64,159.31,60,265.52,0,2007
Ocean's 13,Warner Bros.,70,74,Thriller,117.15,194.16,311.31,85,366.25,0,2007
P.S. I Love You,Independent,21,82,Romance,53.7,99.4,153.09,30,510.31,0,2007
Pathfinder: Legend of the Ghost Warrior,20th Century Fox,11,41,Action,10.23,20.59,30.82,26,118.55,0,2007
Pirates of the Caribbean: At World's End,Disney,45,74,Action,309.42,651.58,961,300,320.33,0,2007
Premonition,Sony,8,55,Drama,47.85,36.14,84,20,419.98,0,2007
Ratatouille,Disney,97,84,Animation,206.45,414.98,621.42,150,414.28,1,2007
Rush Hour 3,Warner Bros.,20,68,Action,140.13,117.9,258.02,140,184.3,0,2007
Saw IV,Independent,18,70,Horror,63.3,76.05,139.35,10,1393.53,0,2007
Shoot 'Em Up,Warner Bros.,67,66,Action,12.81,14,26.81,39,68.74,0,2007
Shooter,Paramount,47,82,Action,47,48.69,95.7,61,156.88,0,2007
Shrek the Third,Paramount,42,57,Animation,322.72,476.24,798.96,160,499.35,0,2007
Sicko,The Weinstein Company,93,87,Documentary,24.54,11.23,35.77,9,397.42,0,2007
Smokin' Aces,Universal,27,64,Action,35.79,21.32,57.1,17,335.91,0,2007
Spider-Man 3,Sony,61,54,Action,336.53,554.34,890.87,258,345.3,0,2007
Stardust,Paramount,76,86,Adventure,38.63,96.92,135.56,70,193.66,0,2007
Stomp the Yard,Independent,27,83,Musical,61.36,14.15,75.51,14,539.37,0,2007
Superbad,Sony,88,87,Comedy,121.46,48.41,169.87,20,849.36,0,2007
Surf's Up,Sony,78,64,Animation,58.87,90.18,149.04,85,175.35,0,2007
Sweeney Todd: The Demon Barber of Fleet Street,Warner Bros.,86,81,Musical,52.9,99.63,152.52,50,305.05,0,2007
The Bourne Ultimatum,Universal,93,91,Thriller,227.47,215.35,442.82,110,402.57,0,2007
The Brave One,Aardman Animations,43,65,Action,36.79,32.99,69.79,70,99.7,0,2007
The Bucket List,Warner Bros.,41,81,Drama,93.47,80.84,174.31,45,387.36,0,2007
The Darjeeling Limited,Fox,67,79,Drama,11.9,23.02,34.92,17.5,199.53,0,2007
The Game Plan,Disney,27,75,Comedy,90.64,57.23,147.87,22,672.13,0,2007
The Golden Compass,Warner Bros.,42,55,Action,70.11,302.13,372.23,180,206.8,0,2007
The Heartbreak Kid,Paramount,30,41,Comedy,36.79,90.98,127.77,60,212.94,0,2007
The Hills Have Eyes 2,Independent,11,50,Horror,20.8,16.66,37.47,15,249.77,0,2007
The Invasion,Warner Bros.,19,43,Sci-Fi,15.07,25.1,40.17,80,50.21,0,2007
The Kingdom,Disney,52,78,Action,47.54,39.07,86.61,80,108.26,0,2007
The Kite Runner,Paramount,66,85,Drama,15.8,57.39,73.19,20,365.97,0,2007
The Mist,The Weinstein Company,72,64,Horror,25.59,31.24,56.83,18,315.72,0,2007
The Nanny Diaries,The Weinstein Company,33,52,Comedy,25.93,21.07,47,20,235,0,2007
The Reaping,Relativity Media,9,53,Horror,25.13,37.64,62.77,40,156.93,0,2007
The Simpsons Movie,Fox,90,78,Comedy,183.14,343.93,527.07,75,702.76,0,2007
There Will Be Blood,Paramount,91,84,Drama,40.22,35.96,76.18,25,304.73,1,2007
TMNT,DreamWorks,33,63,Action,54.15,40.86,95.01,35,271.46,0,2007
Transformers,Paramount,57,89,Action,319.25,389.03,708.27,150,472.18,0,2007
Tyler Perry's Why Did I get Married,Independent,46,47,Romance,55.2,0.66,55.86,15,372.42,0,2007
Vacancy,Sony,55,46,Comedy,19.36,15.94,35.3,19,185.79,0,2007
Waitress,Independent,89,67,Romance,19.07,3.1,22.18,2,1108.97,0,2007
Walk Hard: The Dewey Cox Story,Sony,75,55,Comedy,18.32,2.26,20.58,35,58.79,0,2007
We Own the Night,Sony,55,63,Drama,28.56,26.26,54.83,21,261.08,0,2007
Wild Hogs,Disney,14,72,Comedy,168.27,85.35,253.63,90,281.81,0,2007
Zodiac,Paramount,89,73,Thriller,33.08,51.71,84.79,65,130.44,0,2007
"10,000 B.C.",Warner Bros.,9,44,Adventure,94.78,175,269.78,105,256.94,0,2008
21,Sony,35,73,Crime,81.16,76.69,157.85,35,451,0,2008
27 Dresses,Fox,40,71,Comedy,76.81,83.5,160.31,30,534.36,0,2008
88 Minutes,Sony,5,51,Drama,17.21,15.37,32.58,30,108.6,0,2008
Appaloosa,Warner Bros.,77,55,Action,20.07,7.52,27.59,20,137.95,0,2008
Australia,Fox,55,69,Adventure,46.69,161.8,208.49,78,267.3,0,2008
Baby Mama,Independent,63,59,Comedy,60.32,3.7,64.02,70,91.46,0,2008
Babylon A.D.,Fox,7,32,Action,22.53,47.68,70.21,45,156.03,0,2008
Bangkok Dangerous,Lionsgate,9,33,Action,15.3,31.3,46.6,45,103.55,0,2008
"Be Kind, Rewind",New Line,65,57,Comedy,11.18,19.4,30.58,20,152.88,0,2008
Bedtime Stories,Disney,25,63,Comedy,110.1,108.25,218.35,80,272.94,0,2008
Beverly Hills Chihuahua,Disney,41,56,Adventure,94.5,50.7,145.2,20,726,0,2008
Body of Lies,Warner Bros.,53,65,Action,39.19,75.7,114.89,67.5,170.21,0,2008
Bolt,Disney,89,76,Animation,109.9,195.93,305.83,150,203.88,0,2008
Burn After Reading,Relativity Media,78,64,Comedy,60.36,103.36,163.72,37,442.47,0,2008
Cadillac Records,Sony,67,64,Biography,8.2,0.68,8.88,12,73.96,0,2008
Changeling,Independent,62,84,Drama,35.73,77.28,113.01,55,205.47,0,2008
City of Ember,Independent,52,48,Adventure,7.84,10.05,17.89,38,47.08,0,2008
Cloverfield,Paramount,77,67,Action,80.05,90.72,170.77,25,683.07,0,2008
College Road Trip,Buena Vista,13,56,Adventure,45.61,5.93,51.54,140,36.81,0,2008
Death Race,Universal,42,69,Action,36.1,39.36,75.46,45,167.68,0,2008
"Definitely, Maybe",Universal,71,72,Comedy,32.01,23.2,55.21,7,788.76,0,2008
Disaster Movie,Lionsgate,2,28,Comedy,14.19,20.62,34.81,20,174.05,0,2008
Doomsday,Relativity Media,48,47,Action,11.01,11.2,22.21,33,67.3,0,2008
Doubt,Independent,78,75,Drama,18.73,17.46,36.19,25,144.76,0,2008
Dr. Seuss' Horton Hears a Who!,Fox,79,75,Animation,154.53,142.6,297.13,85,349.56,0,2008
Drillbit Taylor,Paramount,26,49,Comedy,32.86,16.82,49.68,40,124.21,0,2008
Eagle Eye,Paramount,27,72,Action,101.18,76.62,177.8,80,222.25,0,2008
Expelled: No Intelligence Allowed,Crest,10,42,Documentary,7.72,0,7.72,3.5,220.59,0,2008
Fireproof,Independent,40,51,Drama,33.45,0.02,33.47,0.5,6693.4,0,2008
First Sunday,Sony,13,59,Comedy,37.93,0.87,38.8,13,298.48,0,2008
Fly Me to the Moon,Independent,18,26,Animation,12.42,27.9,40.32,25,161.29,0,2008
Fool's Gold,Warner Bros.,11,53,Adventure,70.23,39.13,109.36,72.5,150.84,0,2008
Forgetting Sarah Marshall,Independent,85,75,Comedy,62.93,42,104.93,30,349.77,0,2008
Four Christmases,Warner Bros.,26,52,Comedy,118.25,43.58,161.83,80,202.29,0,2008
Get Smart,Warner Bros.,51,73,Action,130.32,100.37,230.69,80,288.36,0,2008
Ghost Town,Paramount,85,60,Comedy,13.25,13.71,26.96,20,134.8,0,2008
Gran Torino,Warner Bros.,80,90,Drama,148.1,121.86,269.96,33,818.05,0,2008
Hancock,Sony,40,67,Action,227.95,396.44,624.39,150,416.26,0,2008
Harold and Kumar Escape from Guantanamo Bay,Warner Bros.,54,65,Adventure,38.11,5.38,43.49,12,362.44,0,2008
Hellboy II: The Golden Army,Universal,87,70,Action,75.79,84.4,160.19,82.5,194.17,0,2008
High School Musical 3: Senior Year,Disney,65,76,Comedy,89.7,162.35,252.04,11,2291.31,0,2008
Igor,Independent,36,42,Animation,19.44,11.22,30.66,30,102.21,0,2008
In Bruges,Focus,81,85,Crime,7.8,25.59,33.39,15,222.63,0,2008
Indiana Jones and the Kingdom of the Crystal Skull,Paramount,77,59,Action,317.02,469.53,786.56,185,425.17,0,2008
Iron Man,Paramount,94,91,Action,318.31,266.76,585.07,186,314.56,0,2008
Journey to the Center of the Earth,Warner Bros.,61,55,Action,101.7,140.29,241.99,45,537.77,0,2008
Jumper,Fox,16,50,Action,80.17,142.06,222.23,82.5,269.37,0,2008
Kit Kittredge: An American Girl,Warner Bros.,78,26,Drama,17.66,0,17.66,10,176.58,0,2008
Kung Fu Panda,Paramount,88,83,Animation,215.43,416.31,631.74,200,315.87,0,2008
Lakeview Terrace,Sony,46,44,Crime,39.26,5.39,44.65,20,223.27,0,2008
Leatherheads,Universal,52,41,Comedy,31.23,9.93,41.16,58,70.96,0,2008
Mad Money,Independent,22,51,Comedy,20.67,5.74,26.41,22,120.05,0,2008
Madagascar: Escape 2 Africa,Paramount,64,73,Animation,176.93,423.89,600.82,150,400.55,0,2008
Made of Honor,Sony,13,61,Comedy,46.01,59.95,105.96,40,264.91,0,2008
Mamma Mia!,Universal,53,76,Comedy,143.76,465.71,609.47,66,923.45,0,2008
Marley and Me,Fox,63,77,Comedy,106.51,99.56,206.07,55,374.68,0,2008
Max Payne,Fox,16,36,Action,40.66,44.73,85.38,35,243.95,0,2008
Meet Dave,Fox,19,42,Adventure,11.8,38.85,50.65,60,84.42,0,2008
Meet the Spartans,Independent,2,31,Comedy,38.23,46.41,84.65,30,282.16,0,2008
Milk,Universal,94,88,Biography,31.84,18.32,50.16,20,250.8,1,2008
Miracle at St. Anna,Disney,34,68,Action,7.92,1.2,9.12,45,20.26,0,2008
Mirrors,Independent,14,49,Horror,30.69,46.8,77.49,35,221.4,0,2008
Miss Pettigrew Lives for a Day,Independent,78,70,Comedy,12.31,2.86,15.17,60,25.29,0,2008
My Best Friend's Girl,Lionsgate,14,51,Comedy,19.22,22.4,41.62,20,208.11,0,2008
Never Back Down,Summit,23,37,Action,24.85,16.78,41.63,21,198.22,0,2008
Nick and Norah's Infinite Playlist,Sony,73,67,Comedy,31.49,2.04,33.53,10,335.27,0,2008
Nights in Rodanthe,Warner Bros.,31,56,Drama,41.74,37.5,79.24,30,264.12,0,2008
Nim's Island,Independent,51,50,Adventure,48.01,52.07,100.08,37,270.48,0,2008
One Missed Call,Warner Bros.,0,36,Horror,26.89,17.62,44.51,20,222.55,0,2008
Over Her Dead Body,New Line,15,47,Comedy,7.57,13.14,20.71,10,207.1,0,2008
Penelope,Summit,52,74,Comedy,10.01,10.73,20.74,15,138.28,0,2008
Pineapple Express,Sony,68,74,Action,87.34,14.28,101.62,26,390.86,0,2008
Pride & Glory,Warner Bros.,34,54,Crime,15.74,15.41,31.15,30,103.83,0,2008
Prom Night,Independent,8,46,Horror,43.87,13.32,57.19,18,317.72,0,2008
Punisher: War Zone,Lionsgate,27,47,Action,8.05,2.04,10.09,35,28.83,0,2008
Quantum of Solace,MGM,64,62,Action,166.8,417.72,584.52,230,254.14,0,2008
Quarantine,Sony,59,46,Horror,31.69,9.62,41.31,12,344.27,0,2008
Rachel Getting Married,Independent,85,61,Drama,12.79,3.82,16.61,12,138.42,0,2008
Rambo,Lionsgate,36,70,Action,42.75,70.49,113.24,47.5,238.41,0,2008
Religulous,Lionsgate,70,78,Documentary,13.01,0.12,13.14,2.5,525.41,0,2008
Righteous Kill,Overture,19,44,Crime,40.08,38.37,78.45,60,130.75,0,2008
Role Models,Universal,77,75,Comedy,66.69,25.09,91.77,28,327.76,0,2008
Saw V,Independent,13,63,Crime,56.75,57.12,113.86,10.8,1054.29,0,2008
Semi-Pro,Warner Bros.,21,41,Comedy,33.48,10.41,43.88,2.6,1687.87,0,2008
Seven Pounds,Sony,27,77,Drama,60.04,98.21,158.25,55,287.72,0,2008
Sex and the City,Warner Bros.,49,81,Comedy,152.65,262.61,415.25,57.5,722.18,0,2008
Sex Drive,Summit,46,61,Adventure,8.4,10.35,18.75,19,98.7,0,2008
Shutter,Fox,7,40,Horror,25.93,21.95,47.88,8,598.48,0,2008
Slumdog Millionaire,Independent,94,90,Crime,141.31,234.48,375.79,15,2505.27,1,2008
Smart People,Independent,50,41,Comedy,9.51,2.14,11.65,7,166.45,0,2008
Space Chimps,Independent*,36,37,Animation,30.11,34.73,64.83,37,175.23,0,2008
Speed Racer,Warner Bros.,38,61,Action,43.95,50,93.95,120,78.29,0,2008
Star Wars: The Clone Wars,Independent,19,46,Animation,35.16,33.12,68.28,8.5,803.32,0,2008
Step Brothers,Sony,54,68,Comedy,100.47,27.64,128.11,65,197.09,0,2008
Step Up 2: The Streets,Disney,26,81,Drama,58.02,92.8,150.82,17.5,861.8,0,2008
Stop-Loss,Paramount,65,27,Drama,10.92,0.26,11.18,25,44.7,0,2008
Street Kings,Fox,37,62,Action,26.42,39.15,65.57,20,327.86,0,2008
Superhero Movie,The Weinstein Company,15,36,Comedy,25.87,45.35,71.22,65,109.57,0,2008
Swing Vote,Disney,36,44,Comedy,16.29,1.34,17.63,20,88.17,0,2008
The Bank Job,Independent,78,74,Thriller,30.06,34.76,64.82,20,324.11,0,2008
The Boy in the Striped Pyjamas,Independent,63,84,Drama,8.7,31.37,40.07,12.5,320.6,0,2008
The Chronicles of Narnia: Prince Caspian,Disney,66,78,Action,141.62,278.04,419.67,200,209.83,0,2008
The Curious Case of Benjamin Button,Warner Bros.,73,81,Fantasy,79.01,206.42,285.43,160,178.39,0,2008
The Dark Knight,Warner Bros.,94,96,Thriller,530.92,468.58,999.49,185,540.27,1,2008
The Day the Earth Stood Still ,Fox,19,34,Thriller,74.3,153.73,228.03,100,228.03,0,2008
The Duchess,Paramount,60,68,Drama,13.85,29.46,43.31,13.5,320.79,0,2008
The Express,Independent,62,73,Biopic,9.79,0.01,9.8,37.5,26.13,0,2008
The Eye,Lionsgate,22,51,Horror,31.42,25.55,56.96,12,474.7,0,2008
The Forbidden Kingdom,Relativity Media,64,65,Action,52.08,75.9,127.98,55,232.69,0,2008
The Happening,Fox,19,29,Thriller,64.51,98.89,163.4,48,340.41,0,2008
The Haunting of Molly Hartley,Independent,3,22,Horror,13.56,1.33,14.89,5,297.8,0,2008
The House Bunny,Sony,39,54,Comedy,48.24,22.2,70.44,25,281.75,0,2008
The Incredible Hulk,Universal,67,75,Action,134.53,128.62,263.15,137.5,191.38,0,2008
The Longshots,Independent,39,39,Comedy,11.51,0.23,11.74,30,39.14,0,2008
The Love Guru,Paramount,14,38,Comedy,32.2,8.63,40.83,62,65.85,0,2008
The Mummy: Tomb of the Dragon Emperor,Universal,14,40,Action,102.28,298.63,400.91,145,276.49,0,2008
The Other Boleyn Girl,Independent,41,65,Drama,26.81,50.9,77.71,40,194.28,0,2008
The Ruins,Paramount,46,32,Horror,17.43,5.3,22.73,25,90.91,0,2008
The Secret Life of Bees,Fox,56,78,Drama,37.43,2.18,39.61,11,360.1,0,2008
The Sisterhood of the Traveling Pants 2,Warner Bros.,65,67,Action,44.09,0.26,44.35,27,164.26,0,2008
The Spiderwick Chronicles,Paramount,79,67,Fantasy,71.2,91.64,162.84,92.5,176.04,0,2008
The Spirit,Lionsgate,14,29,Action,17.75,19.23,36.98,6,616.32,0,2008
The Strangers,Relativity Media,44,48,Horror,52.6,29.79,82.39,9,915.45,0,2008
The Tale of Despereaux,Universal,54,46,Animation,50.87,37.84,88.71,55,161.29,0,2008
The Visitor,Independent,92,83,Drama,9.43,8.65,18.08,4,451.95,0,2008
The Women,Warner Bros.,13,41,Drama,26.9,23.11,50.01,16,312.54,0,2008
The X-Files: I Want to Believe,Fox,32,34,Thriller,20.98,47.39,68.37,35,195.34,0,2008
Traitor,Liberty Starz,55,66,Thriller,23.53,4.13,27.66,22,125.74,0,2008
Transporter 3,Independent,36,58,Action,31.72,77.26,108.98,30,363.26,0,2008
Tropic Thunder,Paramount,83,69,Comedy,110.46,77.58,188.04,90,208.93,0,2008
Twilight,Summit,49,82,Romance,176.82,199.85,376.66,37,1018,0,2008
Tyler Perry's Meet the Browns,Independent,31,36,Drama,41.98,0,41.98,20,209.88,0,2008
Tyler Perry's The Family That Preys,Independent,51,36,Drama,37.11,0,37.11,10,371.05,0,2008
Under the Same Moon,Weinstein Co.,72,82,drama,12.59,10.72,23.31,1.7,1371.19,0,2008
Untraceable,Independent,14,56,Thriller,28.69,23.97,52.66,35,150.45,0,2008
Valkyrie,MGM,58,66,Thriller,83.08,117.2,200.28,75,267.03,0,2008
Vantage Point,Sony,35,61,Action,72.27,78.89,151.16,40,377.89,0,2008
Vicky Cristina Barcelona,The Weinstein Company,82,73,Romance,22.84,73.19,96.03,16,600.16,0,2008
W.,Lionsgate,60,42,Drama,25.53,3.97,29.5,25.1,117.55,0,2008
WALL-E,Disney,96,89,Animation,223.78,297.5,521.28,180,289.6,1,2008
Wanted,Universal,73,72,Action,134.33,206.92,341.25,75,455,0,2008
"Welcome Home, Roscoe Jenkins",Universal,24,64,Comedy,42.19,1.21,43.4,35,124.01,0,2008
What Happens in Vegas,Fox,28,72,Comedy,80.28,139.09,219.37,35,626.76,0,2008
Yes Man,Warner Bros.,43,72,Comedy,97.69,125.55,223.24,70,318.91,0,2008
You Don't Mess with the Zohan,Sony,36,50,Comedy,100.02,99.91,199.93,80,249.91,0,2008
Zack and Miri Make a Porno,The Weinstein Company,64,70,Romance,31.3,10.64,41.94,24,174.75,0,2008
9,Focus,57,58,Animation,31.74,16.67,48.41,30,161.37,0,2009
2012,Sony,39,63,Action,165.6,602.4,768,200,384,0,2009
(500) Days of Summer ,Fox,87,81,Comedy,32.39,28.33,60.72,7.5,809.6,0,2009
12 Rounds ,Fox,30,52,Action,12.23,5.94,18.17,20,90.85,0,2009
17 Again ,Independent,55,70,Comedy,64.2,72.1,136.3,20,681.5,0,2009
A Christmas Carol,Disney,52,72,Animation,137.9,187.43,325.33,200,162.67,0,2009
A Perfect Getaway ,Universal,61,50,Mystery,15.5,7.33,22.83,14,163.07,0,2009
A Serious Man ,Universal,89,64,Drama,9.2,21.48,30.68,7,438.29,0,2009
Adventureland ,Miramax,89,56,Comedy,16.04,1.1,17.14,9.8,174.9,0,2009
Aliens in the Attic ,Fox,30,46,Adventure,25.2,32.68,57.88,45,128.62,0,2009
All About Steve ,Fox,6,35,Comedy,33.86,6.26,40.12,15,267.47,0,2009
Alvin and the Chipmunks: The Squeakquel ,Independent,21,59,Animation,219.5,221.3,440.7,75,587.6,0,2009
Avatar ,Fox,83,92,Action,760.5,2023,2783.5,237,1174.47,0,2009
Amelia ,Independent,21,35,Adventure,14.2,5,19.2,40,48,0,2009
An Education,Sony Classics,94,78,Drama,12.57,13.52,26.09,7.5,347.87,0,2009
Angels & Demons ,Sony,36,65,Mystery,133.4,352.6,485.9,150,323.93,0,2009
Armored ,Sony,40,34,Action,16,0,16,20,80,0,2009
Astro Boy ,Summit,49,53,Animation,19.55,24.54,44.09,65,67.83,0,2009
Away We Go ,Focus,67,74,Comedy,9.45,5.44,14.89,21,70.9,0,2009
Bandslam ,Summit,79,60,Comedy,5.2,6.9,12.1,20,61,0,2009
Bride Wars ,Fox,11,56,Comedy,58.75,56.43,115.15,30,383.83,0,2009
Brothers ,Lionsgate,61,62,Drama,28.5,14.77,43.27,26,166.42,0,2009
Bruno ,Universal,68,48,Comedy,60.1,70.7,130.8,42,311.43,0,2009
Cirque du Freak: The Vampire's Assistant ,Universal,38,50,Action,14.04,20.32,34.36,40,85.9,0,2009
Cloudy with a Chance of Meatballs ,Sony,86,70,Animation,124.9,118.13,243.03,100,243.03,0,2009
Confessions of a Shopaholic ,Disney,24,53,Comedy,44.27,64.05,108.3,70,155,0,2009
Coraline ,Universal,89,77,Animation,75.28,49.3,124.58,60,207.63,0,2009
Couples Retreat ,Universal,12,47,Comedy,109.2,62.63,171.83,60,286.38,0,2009
Crank: High Voltage ,Lionsgate,62,54,Action,13.7,20.8,34.5,12.9,267.44,0,2009
Dance Flick ,Paramount,17,35,Action,25.66,5.77,31.43,25,125.72,0,2009
Did You Hear About the Morgans? ,Sony,12,31,Comedy,29.58,55.7,85.28,58,147.03,0,2009
District 9 ,Independent,91,81,Action,115.6,95.17,210.77,30,702.57,0,2009
Drag Me to Hell ,Universal,92,61,Horror,42.1,48.7,90.8,30,302.67,0,2009
Dragonball Evolution ,Fox,15,28,Action,9.36,48.87,58.23,30,194.1,0,2009
Duplicity ,Universal,64,38,Romance,40.57,37.57,78.14,60,130.23,0,2009
Everybody's Fine ,Miramax,46,55,Drama,9.2,7.2,16.4,21,78.1,0,2009
Extract ,Miramax,62,37,Comedy,10.8,0.03,10.83,7.5,144.33,0,2009
Fame,MGM,25,43,Comedy,22.5,55.5,78,18,433.33,0,2009
Fantastic Mr. Fox ,Fox,93,80,Animation,21,25.46,46.46,40,116.15,0,2009
Fast and Furious ,Universal,28,76,Action,155.1,208,363.1,85,427.18,0,2009
Fired Up! ,Independent,22,52,Comedy,17.2,1.4,18.6,20,93,0,2009
Friday the 13th,Paramount,25,52,Horror,65,26.4,91.4,19,481.05,0,2009
Funny People ,Universal,68,58,Comedy,51.85,19.73,71.58,75,95.44,0,2009
G-Force ,Disney,22,50,Action,119.4,173.38,285.1,150,190.07,0,2009
G.I. Joe: The Rise of Cobra ,Paramount,33,62,Action,150.2,152.26,302.1,175,172.63,0,2009
Gamer ,Lionsgate,29,43,Action,20.53,20.29,40.82,12.5,326.56,0,2009
Ghosts of Girlfriends Past ,Warner Bros.,27,47,Comedy,55.25,46.97,102.22,50,204.44,0,2009
Halloween II,Independent,20,45,Horror,33.39,6.02,39.41,15,262.73,0,2009
Hannah Montana: The Movie ,Disney,44,66,Comedy,79.58,70.52,150.1,35,428.86,0,2009
Harry Potter and the Half-Blood Prince ,Warner Bros.,83,75,Adventure,302,632,934,250,373.6,0,2009
He's Just Not That Into You ,Warner Bros.,42,60,Comedy,93.95,84.89,178.84,25,715.36,0,2009
Hotel for Dogs ,Paramount,46,57,Comedy,73,45.2,118.2,35,337.71,0,2009
I Love You Beth Cooper ,Fox,14,38,Comedy,14.8,1.58,16.38,18,91,0,2009
"I Love You, Man ",Paramount,83,72,Comedy,71.4,20,91.4,40,228.5,0,2009
Ice Age: Dawn of the Dinosaurs ,Fox,45,72,Animation,196.57,690.11,886.68,90,985.2,0,2009
Imagine That ,Paramount,38,44,Comedy,16.12,6.86,22.99,55,41.8,0,2009
Inglourious Basterds ,Universal,88,87,Adventure,120.5,200.91,321.41,70,459.16,1,2009
Inkheart ,Warner Bros.,39,51,Adventure,17.3,45.14,62.44,60,104.07,0,2009
Invictus,Warner Bros.,75,74,Biography,37.49,84.74,122.23,60,203.72,0,2009
It's Complicated ,Universal,56,63,Comedy,112.73,111.87,224.6,85,264.24,0,2009
Jennifer's Body ,Fox,42,37,Comedy,16.2,15.35,31.55,16,197.19,0,2009
Julie & Julia ,Sony,74,69,Biography,94.12,32.52,126.64,40,316.6,0,2009
Knowing ,Summit,33,50,Drama,79.95,103.63,183.58,50,367.16,0,2009
Land of the Lost ,Universal,26,38,Drama,49.43,20.11,69.54,100,69.54,0,2009
Law Abiding Citizen ,Independent,25,77,Crime,73.4,53.08,126.48,53,238.64,0,2009
Love Happens ,Universal,18,40,Drama,22.96,13.12,36.08,18,200.44,0,2009
Michael Jackson's This Is It ,Sony,81,82,Documentary,72.1,180,252.1,60,420.17,0,2009
Monsters Vs. Aliens ,Paramount,72,65,Animation,198.4,183.2,381.5,175,218,0,2009
My Bloody Valentine 3-D ,Lionsgate,57,48,Crime,51.54,51.2,102.74,14,733.86,0,2009
My Life in Ruins ,Independent,9,43,Comedy,8.67,9.34,18.01,17,106,0,2009
My Sister's Keeper ,Warner Bros.,47,73,Drama,49.2,39.85,89.05,27.5,323.82,0,2009
Next Day Air ,Summit,21,27,Action,10,0,10,3,333.33,0,2009
Night at the Museum: Battle of the Smithsonian ,Fox,43,60,Action,177.2,235.8,413,150,275.33,0,2009
Nine ,Weinstein Co.,37,40,Drama,19.67,34.32,53.99,80,67.49,0,2009
Ninja Assassin ,Warner Bros.,25,57,Action,38.12,23.47,61.59,50,123.18,0,2009
Not Easily Broken ,Independent,34,66,Drama,10.6,0.14,10.7,5,214,0,2009
Notorious,Fox,50,66,Biography,36.84,7.52,44.36,20,221.8,0,2009
Observe and Report ,Warner Bros.,51,40,Comedy,24,2.96,26.96,18,149.78,0,2009
Obsessed ,Sony,20,50,Drama,68.26,5.56,73.82,20,369.1,0,2009
Old Dogs ,Buena Vista,5,49,Comedy,49.49,47.26,96.75,35,276.43,0,2009
Orphan ,Warner Bros.,55,65,Horror,41.59,36.74,78.33,30,261.1,0,2009
Pandorum ,Independent,28,49,Action,10.3,6.7,17,40,42.5,0,2009
Paranormal Activity ,Independent,82,56,Horror,107.92,88.76,196.68,0.015,1311200,0,2009
Paul Blart: Mall Cop ,Sony,33,50,Action,146.33,36.95,183.28,26,704.92,0,2009
"Pirate Radio (The Boat that Rocked, UK)",Focus,60,72,Comedy,8.01,28.33,36.34,50,72.68,0,2009
Planet 51 ,Independent,22,45,Animation,42.19,63.45,105.64,70,150.91,0,2009
Post Grad ,Fox,7,31,Comedy,6.38,0,6.38,15,42.53,0,2009
Public Enemies ,Universal,67,65,Biography,97.1,117,214.1,100,214.1,0,2009
Push ,Summit,22,47,Action,31.81,17.04,48.85,38,128.55,0,2009
Race to Witch Mountain ,Buena Vista,42,50,Action,67.17,39.21,106.38,50,212.76,0,2009
Saw VI ,Independent,40,67,Horror,27.69,40.5,68.19,11,619.91,0,2009
Sherlock Holmes ,Warner Bros.,70,81,Action,209.02,315,524.02,90,582.24,0,2009
Sorority Row ,Summit,22,38,Horror,11.97,15.24,27.21,12.5,217.68,0,2009
Star Trek ,Paramount,94,91,Action,257.7,127.95,385.65,140,275.46,0,2009
State of Play ,Universal,84,71,Crime,37.02,51.32,88.3,60,147,0,2009
Street Fighter: The Legend of Chun-Li ,Fox,16,28,Action,9.14,3.2,12.34,50,24.68,0,2009
Sunshine Cleaning ,Independent,72,59,Comedy,12.06,4.51,16.57,5,331.4,0,2009
Surrogates ,Buena Vista,39,42,Action,38.57,83.86,122.43,80,153.04,0,2009
Taken ,Fox,58,83,Action,145,81.8,226.8,25,907.2,0,2009
Taking Woodstock ,Focus,48,48,Comedy,7.5,2.5,10,29,34.48,0,2009
Terminator Salvation ,Warner Bros.,33,64,Action,125.3,246.7,372,200,186,0,2009
The Blind Side ,Warner Bros.,65,90,Biography,255.8,53.24,309.04,29,1065.66,1,2009
The Box ,Warner Bros.,46,27,Drama,15.1,18.28,33.38,30,111.27,0,2009
The Final Destination ,Warner Bros.,29,52,Horror,66.5,119.3,185.8,40,464.5,0,2009
The Fourth Kind ,Universal,18,44,Mystery,25.48,22.22,47.7,10,477,0,2009
The Hangover ,Warner Bros.,79,87,Comedy,277.3,190.16,467.46,35,1335.6,0,2009
The Haunting in Connecticut ,Lionsgate,17,51,Drama,55.39,22.13,77.52,30,258.4,0,2009
The Hurt Locker ,Independent,97,83,Drama,17.01,32.21,49.22,15,328.13,1,2009
The Informant! ,Warner Bros.,78,42,Comedy,33.31,8.45,41.76,22,189.82,0,2009
The International ,Sony,58,39,Action,25.4,34.7,60.1,50,120.2,0,2009
The Invention of Lying ,Warner Bros.,56,47,Comedy,18.45,13.95,32.4,18.5,175.14,0,2009
The Lovely Bones ,Paramount,32,57,Drama,44,50.78,94.78,65,145.82,0,2009
The Men Who Stare at Goats ,Independent,52,43,Comedy,32.4,36.54,68.94,25,275.76,0,2009
The Pink Panther 2 ,Sony,12,47,Adventure,35.92,40.02,75.94,59,128.71,0,2009
The Princess and the Frog ,Disney,84,72,Animation,104.4,162.64,267.04,105,254.32,0,2009
The Proposal ,Disney,43,74,Comedy,164,150.7,314.7,40,786.75,0,2009
The Road ,The Weinstein Company,75,65,Adventure,7.9,19.51,27.41,25,109.64,0,2009
The Soloist ,Paramount,56,59,Drama,31.7,6.73,38.43,60,64.05,0,2009
The Stepfather,Sony,12,48,Mystery,29.1,2.13,31.2,20,156,0,2009
The Taking of Pelham 1 2 3 ,Sony,51,60,Action,65.45,84.71,150.16,100,150.16,0,2009
The Time Traveler's Wife ,Paramount,38,65,Drama,63.41,37.92,101.33,39,259.82,0,2009
The Twilight Saga: New Moon ,Summit,27,78,Drama,296.62,413.2,709.82,50,1419.64,0,2009
The Ugly Truth ,Independent,14,68,Comedy,88.9,116.4,205.3,38,540.26,0,2009
The Unborn,Relativity Media,11,39,Horror,42.67,33.84,76.51,16,478.19,0,2009
Transformers: Revenge of the Fallen ,Paramount,20,76,Action,402.1,434.2,836.3,210,398.24,0,2009
Underworld: Rise of the Lycans ,Sony,30,68,Action,45.8,45.55,91.35,35,261,0,2009
Up ,Disney,98,86,Animation,293,438.3,731.3,175,417.89,1,2009
Up in the Air ,Paramount,90,76,Drama,83.82,83,166.82,25,667.28,0,2009
Watchmen ,Warner Bros.,64,68,Action,107.5,77.7,185.3,130,142.54,0,2009
Whatever Works ,Independent,50,63,Comedy,5.3,29.8,35.1,15,234,0,2009
Where the Wild Things Are ,Warner Bros.,73,59,Adventure,77.23,21.89,99.12,100,99.12,0,2009
Whip It ,Independent,84,73,Drama,13,3,16,15,106.67,0,2009
Whiteout ,Warner Bros.,7,28,Action,10.3,1.9,12.2,35,34.86,0,2009
X-Men Origins: Wolverine ,Fox,37,72,Action,179.9,193.2,373.1,150,248.73,0,2009
Year One ,Sony,14,31,Adventure,43.33,19.02,62.35,60,103.92,0,2009
Zombieland ,Sony,90,87,Action,75.59,27.2,102.79,23.6,435.55,0,2009
MacGruber,Independent,47,33,Action,8.53,0.8,9.33,10,93.3,0,2010
The Other Guys,Sony,78,57,Action,119.22,51.05,170.27,100,170.27,0,2010
All About Steve ,Independent,6,35,Comedy,33.86,6.26,40.12,15,267.47,0,2010
Death at a Funeral,Independent,40,48,Comedy,42.74,6.31,49.05,21,233.57,0,2010
Dinner for Schmucks,Paramount,43,47,Comedy,73.03,13.38,86.41,69,125.23,0,2010
Due Date,Warner Bros.,40,56,Comedy,99.65,100.9,200.55,50,401.1,0,2010
"Furry Vengeance	",Summit,8,36,Comedy,17.63,18.34,35.97,35,102.77,0,2010
Get Him to the Greek,Universal,73,63,Comedy,60.97,30.42,91.39,40,228.48,0,2010
"Grown Ups	",Independent,10,59,Comedy,161.9,105.5,267.4,80,334.25,0,2010
Little Fockers,Independent,9,40,Comedy,123.69,109.01,232.7,100,232.7,0,2010
Morning Glory,Independent,54,54,Comedy,31.01,27.78,58.79,40,146.98,0,2010
Nanny McPhee Returns,Universal,77,54,Comedy,29.01,64.23,93.24,35,266.4,0,2010
Please Give,Sony,88,62,Comedy,4.03,0.23,4.26,3,142,0,2010
The Kids Are All Right,Independent,94,72,Comedy,20.81,8.55,29.36,4,734,0,2010
The Switch,Independent,52,44,Comedy,27.78,19.95,47.73,19,251.21,0,2010
Tooth Fairy,Fox,16,46,Comedy,60.02,52.34,112.36,48,234.08,0,2010
Vampires Suck,Independent,4,32,Comedy,36.66,43.32,79.98,20,399.9,0,2010
Why Did I Get Married Too?,Lionsgate,27,67,Comedy,60.09,0.58,60.67,20,303.35,0,2010
You Again,Independent,18,45,Comedy,25.7,6.16,31.86,20,159.3,0,2010
Jackass 3-D,Paramount,63,72,Documentary,117.19,52.76,169.95,20,849.75,0,2010
"Daybreakers	",Lionsgate,67,50,Action,30.1,21.31,51.41,20,257.05,0,2010
For Colored Girls,Independent,33,73,Drama,37.69,17.32,55.01,21,261.95,0,2010
The Greatest,Independent,52,39,Drama,0.11,0.3,0.41,6,6.83,0,2010
The Last Song,Disney,19,66,Drama,62.95,26.09,89.04,20,445.2,0,2010
"Charlie St. Cloud	",Universal,27,62,Fantasy,31.16,14.93,46.09,44,104.75,0,2010
127 Hours,Independent,93,84,Adventure,18.33,42.4,60.73,18,337.39,0,2010
Saw 3-D,Independent,10,47,Crime,45.71,76.8,122.51,20,612.55,0,2010
Buried,Independent,86,63,Drama,1.04,17.33,18.37,2,918.5,0,2010
Tron: Legacy,Independent,50,67,Action,148.21,143.2,291.41,170,171.42,0,2010
Inception,Warner Bros.,86,93,Action,292.58,531,823.58,160,514.74,0,2010
Alice in Wonderland,Disney,52,72,Adventure,334.19,690.2,1024.39,200,512.2,0,2010
Hot Tub Time Machine,MGM,64,57,Adventure,50.29,14.13,64.42,36,178.94,0,2010
Alpha and Omega,Crest,17,41,Animation,25.12,4.8,29.92,20,149.6,0,2010
Shrek Forever After,Paramount,57,64,Animation,238.74,510.06,748.8,165,453.82,0,2010
Gulliver's Travels,Fox,21,31,Comedy,42,194,236,112,210.71,0,2010
"Eat Pray Love	",Sony,36,46,Drama,80.57,123.91,204.48,60,340.8,0,2010
Killers,Lionsgate,11,45,Action,47.06,46.34,93.4,75,124.53,0,2010
Tangled,Disney,89,88,Animation,175.78,179.3,355.08,260,136.57,0,2010
Going the Distance,Warner Bros.,53,56,Comedy,17.8,24.25,42.05,32,131.41,0,2010
I Love You Phillip Morris,Independent,71,57,Comedy,1.44,18.66,20.1,15,134,0,2010
Just Wright,Fox,45,58,Comedy,21.54,0.029,21.569,12,179.74,0,2010
Leap Year,Universal,21,49,Comedy,25.9,6.69,32.59,19,171.53,0,2010
Letters to Juliet,Summit,40,62,Comedy,53.03,26.15,79.18,30,263.93,0,2010
Life as We Know It,Independent,28,62,Comedy,53.13,43.03,96.16,38,253.05,0,2010
Love & Other Drugs,Fox,48,55,Comedy,31.68,22.85,54.53,30,181.77,0,2010
Sex and the City 2,Warner Bros.,15,49,Comedy,95.35,193,288.35,100,288.35,0,2010
She's Out of My League,Paramount,57,60,Comedy,32.01,16.8,48.81,20,244.05,0,2010
The Back-up Plan,CBS,20,47,Comedy,37.49,39.6,77.09,35,220.26,0,2010
Valentine's Day,Warner Bros.,17,54,Comedy,110.49,107.08,217.57,52,418.4,0,2010
You Will Meet a Tall Dark Stranger,Independent,43,35,Comedy,3.24,23.42,26.66,22,121.18,0,2010
Youth in Revolt,The Weinstein Company,68,52,Comedy,15.28,4.34,19.62,18,109,0,2010
Dear John,Sony,29,66,Drama,80.01,34.96,114.97,25,459.88,0,2010
Remember Me,Summit,28,70,Drama,19.07,36.79,55.86,16,349.13,0,2010
Despicable Me,Universal,81,81,Animation,251.38,290.5,541.88,69,785.33,0,2010
The King's Speech,Independent,95,93,Biography,138.79,288.57,427.36,15,2849.07,1,2010
The Runaways,Independent,68,56,Biography,3.57,1.11,4.68,10,46.8,0,2010
Easy A,Sony,85,75,Comedy,58.4,15.24,73.64,8,920.5,0,2010
Legion,Independent,19,36,Action,40.17,27.74,67.91,26,261.19,0,2010
Predators,Fox,64,52,Action,52,74.74,126.74,40,316.85,0,2010
Resident Evil: Afterlife,Highlight Communications,24,53,Action,60.13,236.09,296.22,60,493.7,0,2010
Skyline,Independent,16,19,Action,21.39,33.87,55.26,10,552.6,0,2010
Piranha 3-D,The Weinstein Company,74,45,Comedy,25,54.78,79.78,24,332.42,0,2010
The Last Exorcism,Independent,73,32,Drama,41.03,25.42,66.45,1.8,3691.67,0,2010
"The Twilight Saga: Eclipse	",Summit,50,74,Drama,300.53,393.05,693.58,68,1019.97,0,2010
The Wolfman,Universal,33,38,Drama,61.98,77.81,139.79,150,93.19,0,2010
A Nightmare on Elm Street,Warner Bros.,13,40,Horror,63.08,52.59,115.67,35,330.49,0,2010
Case 39,Independent,23,42,Horror,13.26,14.93,28.19,26,108.42,0,2010
Devil,Independent,52,45,Horror,33.6,23.23,56.83,10,568.3,0,2010
My Soul to Take,Relativity Media,9,29,Horror,14.74,5.09,19.83,25,79.32,0,2010
Paranormal Activity 2,Paramount,59,48,Horror,84.75,92.75,177.5,3,5916.67,0,2010
The Crazies,Liberty Starz,72,54,Horror,39.12,15.47,54.59,20,272.95,0,2010
Cats & Dogs: The Revenge of Kitty Galore,Independent,13,43,Action,43.59,68.9,112.49,85,132.34,0,2010
From Paris with Love,Independent,38,57,Action,24.08,28.72,52.8,52,101.54,0,2010
Knight and Day,Fox,53,52,Action,76.42,185.26,261.68,117,223.66,0,2010
The A-Team,Fox,47,71,Action,77.22,99.81,177.03,100,177.03,0,2010
The Expendables,Independent,40,58,Action,103.07,171.4,274.47,82,334.72,0,2010
The Sorcerer's Apprentice,Disney,42,57,Action,63.15,152.13,215.28,150,143.52,0,2010
Date Night,Fox,66,58,Comedy,98.71,53.55,152.26,55,276.84,0,2010
Clash of the Titans,Warner Bros.,28,48,Action,163.21,330,493.21,125,394.57,0,2010
Green Zone,Universal,53,60,Action,35.05,59.82,94.87,100,94.87,0,2010
The Book of Eli        ,Independent,48,68,Action,94.84,58.62,153.46,80,191.83,0,2010
The Last Airbender,Paramount,6,42,Action,131.77,187.35,319.12,150,212.75,0,2010
Harry Potter and the Deathly Hallows Part 1,Warner Bros.,79,87,Adventure,295,660,955,125,764,0,2010
The Chronicles of Narnia: The Voyage of the Dawn Treader,Fox,49,63,Adventure,104,311,415,155,267.74,0,2010
Winter's Bone,Independent,94,73,Drama,6.25,1.54,7.79,2,389.5,0,2010
The Social Network,Sony,96,89,Biography,94.08,105.52,199.6,50,399.2,0,2010
Burlesque,Paramount,36,66,Drama,38.24,17.84,56.08,55,101.96,0,2010
Country Strong,Sony,20,56,Drama,20.21,0.31,20.52,15,136.8,0,2010
Repo Men,Universal,22,43,Action,13.79,4.62,18.41,32,57.53,0,2010
Unstoppable,Fox,86,73,Action,81.56,87.94,169.5,95,178.42,0,2010
Toy Story 3,Disney,99,91,Animation,415,648.16,1063.16,200,531.58,0,2010
Conviction,Independent,68,71,Biography,6.79,2.92,9.71,12.5,77.68,0,2010
The Next Three Days,Lionsgate,51,66,Crime,21.15,20.6,41.75,30,139.17,0,2010
"Faster	",CBS,41,50,Action,22.94,1.97,24.91,24,103.79,0,2010
Jonah Hex,Warner Bros.,13,24,Action,10.55,0.36,10.91,47,23.21,0,2010
Machete,Independent,73,66,Action,26.59,15.55,42.14,20,210.7,0,2010
Salt,Sony,62,62,Action,118.31,175.19,293.5,110,266.82,0,2010
The Losers,Warner Bros.,47,55,Action,23.59,5.79,29.38,25,117.52,0,2010
True Grit,Paramount,96,86,Adventure,171,81.03,252.03,38,663.24,0,2010
Edge of Darkness,Warner Bros.,55,56,Crime,43.31,37.81,81.12,80,101.4,0,2010
Iron Man 2,Paramount,74,80,Action,312.43,309.62,622.05,200,311.03,0,2010
Kick-Ass,Independent,76,83,Action,48.07,48.06,96.13,30,320.43,0,2010
Percy Jackson & the Olympians: The Lightning Thief,Fox,50,57,Action,88.77,137.73,226.5,95,238.42,0,2010
Prince of Persia: The Sands of Time,Disney,36,71,Action,90.76,244.39,335.15,200,167.58,0,2010
Red,Summit,71,72,Action,89.84,74.58,164.42,58,283.48,0,2010
Robin Hood,Universal,42,59,Action,105.27,216.4,321.67,200,160.84,0,2010
Takers,Sony,27,57,Action,57.74,10.42,68.16,32,213,0,2010
The Bounty Hunter,Sony,7,41,Action,67.06,69.26,136.32,40,340.8,0,2010
Legend of the Guardians: The Owls of Ga'Hoole,Warner Bros.,51,65,Animation,55.64,84.26,139.9,80,174.88,0,2010
Cyrus,Independent,80,51,Comedy,7.47,2.45,9.92,7,141.71,0,2010
Marmaduke,Fox,9,46,Comedy,33.64,49.71,83.35,50,166.7,0,2010
The American,Universal,66,37,Crime,35.61,10.39,46,20,230,0,2010
The Town,Warner Bros.,94,83,Crime,92.18,52.37,144.55,37,390.68,0,2010
Stone,Independent,49,20,Drama,1.81,6.59,8.4,22,38.18,0,2010
Wall Street: Money Never Sleeps,Independent,54,43,Drama,52.47,78.16,130.63,70,186.61,0,2010
Hachiko: A Dog's Story,Independent,58,85,Drama,0,40.26,40.26,16,251.63,0,2010
Brooklyn's Finest,Independent,42,47,Action,27.2,9.15,36.35,17,213.82,0,2010
The Joneses,Independent,61,47,Comedy,1.48,0.49,1.97,10,19.7,0,2010
Cop Out,Warner Bros.,19,45,Action,44.88,10.64,55.52,30,185.07,0,2010
The Killer Inside Me,Independent,56,41,Crime,0.22,3.36,3.58,13,27.54,0,2010
All Good Things,Independent,33,64,Drama,0.58,0.062,0.642,20,3.21,0,2010
Shutter Island,Paramount,68,73,Drama,128.01,166.79,294.8,80,368.5,0,2010
The Ghost Writer,Summit,83,68,Mystery,15.54,44.48,60.02,45,133.38,0,2010
Never Let Me Go,Independent,70,70,Drama,2.43,7.3,9.73,15,64.87,0,2010
Megamind,Paramount,72,73,Animation,144.67,173.46,318.13,130,244.72,0,2010
City Island,Independent,81,77,Comedy,6.67,1.19,7.86,6,131,0,2010
Mother and Child,Independent,79,61,Drama,1.11,3.76,4.87,7,69.57,0,2010
Step Up 3D,Summit,46,67,Drama,42.4,116.75,159.15,30,530.5,0,2010
Scott Pilgrim vs. the World,Universal,81,83,Action,31.52,16.05,47.57,60,79.28,0,2010
The Karate Kid,Sony,66,75,Action,176.59,182.53,359.12,40,897.8,0,2010
How to Train Your Dragon,Paramount,98,90,Animation,217.58,277.3,494.88,165,299.93,0,2010
Diary of a Wimpy Kid,Independent,53,49,Comedy,64,11.7,75.7,15,504.67,0,2010
"Extraordinary Measures	",CBS,27,55,Drama,12.07,3.07,15.14,31,48.84,0,2010
The Fighter,Paramount,91,88,Drama,93,35,128,25,512,1,2010
Solitary Man,Independent,81,47,Comedy,4.36,0.7,5.06,15,33.73,0,2010
Black Swan        ,Fox,88,86,Drama,106.95,222.44,329.39,13,2533.77,1,2010
Yogi Bear,Fox,14,36,Comedy,100.24,102.03,202.27,80,252.84,0,2010
The Tourist,Sony,20,44,Thriller,67,210,277,100,277,0,2010
30 Minutes or Less,Independent,43,48,Comedy,37.05,3.49,40.55,28,144.81,0,2011
50/50,Independent,93,93,Comedy,34.9,1.62,36.51,8,456.39,0,2011
A Dangerous Method,Independent,79,89,Drama,0.54,8.44,8.97,20,44.86,0,2011
A Very Harold and Kumar Christmas,Lionsgate,72,71,Comedy,34.04,0,34.04,19,179.18,0,2011
Abduction,Vertigo Entertainment,4,46,Action,28.07,54,82.07,35,234.48,0,2011
Albert Nobbs,Independent,53,43,Drama,2.75,0,2.75,8,34.38,0,2011
Anonymous,Relativity Media,46,66,Drama,4.46,9.73,14.19,30,47.3,0,2011
Another Earth,Independent,63,74,Fantasy,1.32,0.45,1.77,0.2,885.5,0,2011
Apollo 18,Weinstein Company,23,31,Horror,17.69,7.88,25.56,5,511.24,0,2011
Arthur,Warner Bros,26,49,Comedy,33.04,12.7,45.74,40,114.34,0,2011
Arthur Christmas,Aardman Animations,92,82,Animation,46.46,100.95,147.41,150,98.27,0,2011
Bad Teacher,Independent,44,38,Comedy,100.29,115.9,216.2,20,1080.98,0,2011
Battle: Los Angeles,Relativity Media,35,50,Action,83.55,128.27,211.82,70,302.6,0,2011
Beastly,CBS Films,19,50,Romance,27.87,0.97,28.83,17,169.61,0,2011
Beginners,Independent,84,80,Comedy,5.79,8.52,14.31,3.2,447.19,1,2011
Bridesmaids,Relativity Media,90,77,Comedy,169.11,119.28,288.38,32.5,887.33,0,2011
Captain America: The First Avenger,Disney,78,75,Action,176.65,191.75,368.4,140,263.15,0,2011
Cars 2,Pixar,38,56,Animation,191.45,360.4,551.85,200,275.93,0,2011
Cedar Rapids,20th Century Fox,86,61,Comedy,6.86,0,6.86,10,68.61,0,2011
Colombiana,Sony,28,55,Action,36.67,24.3,60.97,40,152.41,0,2011
Conan the Barbarian,Lionsgate,22,34,Action,21.3,27.5,48.8,90,54.22,0,2011
Contagion,Warner Bros,84,63,Thriller,75.66,59.8,135.46,60,225.76,0,2011
Cowboys and Aliens,Universal,44,50,Action,100.24,74.58,174.82,163,107.25,0,2011
"Crazy, Stupid, Love",Warner Bros,78,81,Romance,84.34,58.5,142.84,50,285.68,0,2011
Diary of a Wimpy Kid 2: Rodrick Rules,20th Century Fox,47,63,Comedy,52.7,19.72,72.42,21,344.84,0,2011
Dolphin Tale,Independent,84,81,Drama,71.08,16.86,87.95,37,237.69,0,2011
Don't Be Afraid Of The Dark,Miramax Films,59,37,Horror,24.05,7.5,31.55,25,126.18,0,2011
Dream House,Morgan Creek Productions,7,38,Horror,21.3,17.2,38.5,50,77,0,2011
Drive,Independent,93,79,Thriller,34.68,32.33,67.01,15,446.71,0,2011
Drive Angry,Independent,45,38,Action,10.72,18.21,28.93,45,64.29,0,2011
Dylan Dog: Dead of Night,Independent,6,28,Horror,1.19,3.45,4.63,20,23.17,0,2011
Everything Must Go,Reliance Entertainment,74,53,Drama,2.71,0,2.71,5,54.22,0,2011
Extremely Loud and Incredibly Close,Warner Bros.,47,62,Drama,31.59,14.4,45.99,40,114.98,0,2011
Fast Five,Universal,78,83,Action,209.83,416.3,626.13,125,500.9,0,2011
Final Destination 5,New Line Cinema,61,56,Horror,42.59,115.3,157.89,40,394.72,0,2011
Footloose,Spyglass Entertainment,71,71,Drama,51.16,10.9,62.05,24,258.55,0,2011
Friends With Benefits,Warner Bros,71,68,Romance,55.8,93.74,149.54,35,427.26,0,2011
Fright Night,DreamWorks,75,68,Horror,18.3,18.8,37.1,30,123.67,0,2011
Gnomeo and Juliet,Disney,56,52,Animation,99.97,94,193.97,36,538.8,0,2011
Green Lantern,Warner Bros,27,48,Action,116.6,103.25,219.85,200,109.93,0,2011
Hall Pass,Warner Bros,35,44,Comedy,45.06,38.1,83.16,36,231,0,2011
Hanna,Universal,71,67,Action,40.26,23.52,63.78,30,212.6,0,2011
Happy Feet 2,Village Roadshow Pictures,41,59,Animation,57.31,49.2,106.51,135,78.89,0,2011
Harry Potter and the Deathly Hallows Part 2,Warner Bros,96,92,Fantasy,381.01,947.1,1328.11,125,1062.49,0,2011
Hesher,Independent,54,68,Drama,0.38,0,0.38,7,5.46,0,2011
Hop,Relativity Media,26,50,Animation,108.09,75.87,183.95,63,291.99,0,2011
Horrible Bosses,Warner Bros,69,72,Comedy,117.54,92.1,209.64,35,598.97,0,2011
Hugo,Paramount,93,84,Adventure,62.08,34.6,96.68,150,64.45,0,2011
I Am Number Four,Paramount,32,57,Thriller,55.1,89.4,144.5,60,240.83,0,2011
Immortals,Relativity Media,36,59,Action,80.49,102,182.49,75,243.31,0,2011
In Time,Regency Enterprises,38,55,Thriller,36.49,90.9,127.39,40,318.48,0,2011
Insidious,Sony,67,65,Horror,54.01,43,97.01,1.5,6467.27,0,2011
J.Edgar,Warner Bros,42,84,Drama,37.39,35.8,73.19,35,209.11,0,2011
Jack and Jill,Happy Madison,4,59,Comedy,73.83,51.1,124.93,79,158.14,0,2011
Johnny English Reborn,Relativity Media,38,55,Comedy,8.31,149.63,157.94,45,350.98,0,2011
Just Go With It,Happy Madison,19,63,Romance,103.03,111.92,214.95,80,268.68,0,2011
Killer Elite,Independent,25,48,Action,25.12,27.84,52.96,70,75.66,0,2011
Kung Fu Panda 2,DreamWorks Animation,82,80,Animation,165.25,497.78,663.02,150,442.02,0,2011
Larry Crowne,Universal,34,46,Drama,35.61,16.8,52.41,30,174.69,0,2011
Limitless,Virgin,69,73,Thriller,79.25,82.6,161.85,27,599.44,0,2011
Machine Gun Preacher,Lionsgate,29,71,Action,0.54,0.57,1.1,30,3.68,0,2011
Margin Call,Independent,86,73,Thriller,4.94,3.93,8.87,3.5,253.4,0,2011
Mars Needs Moms,Disney,36,43,Animation,21.39,17.6,38.99,150,25.99,0,2011
Midnight in Paris,Sony,93,84,Romance,56.8,91.86,148.66,17,874.47,1,2011
Mission Impossible 4,Paramount,93,86,Action,208.38,480.4,688.78,145,475.02,0,2011
Moneyball,Columbia,95,89,Drama,75.6,32.5,108.1,50,216.2,0,2011
Monte Carlo,20th Century Fox,38,50,Romance,23.18,16.48,39.66,20,198.32,0,2011
Mr. Popper's Penguins,20th Century Fox,47,54,Comedy,68.22,119.14,187.36,55,340.65,0,2011
My Week with Marilyn,The Weinstein Company,83,84,Drama,5.31,2.95,8.26,10,82.58,0,2011
New Year's Eve,Warner Bros.,8,48,Romance,54.54,87.5,142.04,56,253.64,0,2011
No Strings Attached,Spyglass Entertainment,49,57,Comedy,70.6,77.1,147.7,25,590.8,0,2011
One Day,Independent,37,54,Romance,13.84,41.4,55.24,15,368.27,0,2011
Our Idiot Brother,The Weinstein Company,68,79,Comedy,24.82,0,24.82,5,496.32,0,2011
Paranormal Activity 3,Independent,68,58,Horror,103.66,98.24,201.9,5,4037.94,0,2011
Paul,Relativity,72,70,Comedy,37.41,60.57,97.98,40,244.96,0,2011
"Pirates of the Caribbean:
On Stranger Tides",Disney,34,61,Action,241.07,802.8,1043.87,250,417.55,0,2011
Priest,Sony,17,37,Action,29.14,49.17,78.31,60,130.51,0,2011
Puss In Boots,DreamWorks,83,76,Animation,148.76,373.5,522.26,130,401.74,0,2011
Rango,Paramount,88,69,Animation,123.26,121.9,245.15,135,181.6,0,2011
Real Steel,DreamWorks Pictures,58,81,Action,83.61,186.2,269.81,110,245.28,0,2011
Red Riding Hood,Warner Bros,11,41,Horror,37.66,51.5,89.16,42,212.29,0,2011
Rio,20th Century Fox,71,73,Animation,143.62,341.02,484.63,90,538.48,0,2011
Rise of the Planet of the Apes,20th Century Fox,83,87,Action,176.7,304.52,481.23,93,517.45,0,2011
Sanctum,Relativity Media,30,39,Action,23.2,85.4,108.6,30,362,0,2011
Scream 4,Weinstein Company,58,57,Horror,38.18,58.96,97.14,40,242.84,0,2011
Season Of The Witch,Relativity ,10,32,Action,24.8,66.8,91.6,40,229,0,2011
Shame,Independent,80,80,Drama,3.87,10.09,13.96,6.5,214.77,0,2011
Shark Night 3D,Relativity,16,25,Horror,18.88,19.83,38.7,25,154.81,0,2011
Sherlock Holmes 2,Warner Bros,60,79,Action,186.36,335.6,521.96,125,417.57,0,2011
Something Borrowed,Independent,15,48,Romance,39.05,21.14,60.18,35,171.95,0,2011
Soul Surfer,Sony,46,79,Drama,43.85,0.41,44.27,18,245.93,0,2011
Source Code,Summit Entertainment,92,81,Thriller,54.71,68.57,123.28,32,385.24,0,2011
Spy Kids: All The Time in the World,Weinstein Company,22,40,Action,38.54,35.54,74.08,27,274.37,0,2011
Sucker Punch,Legendary Pictures,23,48,Action,36.39,53.4,89.79,82,109.5,0,2011
Super 8 ,Paramount,82,78,Horror,127,132.71,259.71,50,519.43,0,2011
Take Me Home Tonight,Relativity,28,46,Comedy,6.93,0,6.93,25,27.71,0,2011
Take Shelter,Independent,92,85,Drama,1.57,0,1.57,5,31.46,0,2011
The Adjustment Bureau,Independent,72,67,Thriller,62.5,65.37,127.87,50.2,254.72,0,2011
The Adventures of Tintin,Paramount,74,78,Adventure,77.24,296.4,373.64,130,287.42,0,2011
The Artist,Weinstein Company,97,91,Drama,40.45,65.29,105.74,16,660.88,1,2011
The Beaver,Summit Entertainment,62,57,Drama,0.97,5.4,6.37,21,30.33,0,2011
The Big Year,Independent,38,62,Comedy,7.17,0.24,7.41,41,18.07,0,2011
The Change Up,Relativity Media,24,53,Comedy,37.08,33.75,70.83,52,136.22,0,2011
The Company Men,Weinstein Company,66,55,Drama,4.4,0.4,4.8,15,32,0,2011
The Conspirator,Independent,56,65,Drama,11.54,2.67,14.21,25,56.84,0,2011
The Debt,Universal,76,70,Thriller,31.18,14.25,45.43,20,227.15,0,2011
The Descendants,20th Century Fox,89,88,Drama,81.45,86.2,167.65,20,838.25,0,2011
The Dilemma,Spyglass Entertainment,23,31,Comedy,48.5,21.2,69.7,70,99.57,0,2011
The Eagle,Universal,39,43,Action,19.49,7.63,27.12,25,108.48,0,2011
The Girl With The Dragon Tattoo,Sony,87,89,Thriller,102.06,127.13,229.19,90,254.66,0,2011
The Green Hornet,Columbia,44,47,Action,98.8,129,227.8,120,189.83,0,2011
The Hangover Part II,Legendary Pictures,35,58,Comedy,254.46,327,581.46,80,726.83,0,2011
The Help,DreamWorks Pictures,75,91,Drama,169.22,37.02,206.24,25,824.98,1,2011
The Ides of March,Columbia,85,76,Thriller,40.49,13.7,54.19,12.5,433.55,0,2011
The Iron Lady,Weinstein Company,53,54,Drama,27.94,53.47,81.41,13,626.23,0,2011
The Lincoln Lawyer,Lionsgate,84,82,Drama,58.01,17,75.01,40,187.52,0,2011
The Mechanic,Independent,53,52,Action,29.2,22,51.2,40,128,0,2011
The Muppets,Disney,97,87,Comedy,88.54,69.8,158.34,45,351.87,0,2011
The Rite,Warner Bros,20,43,Horror,33,63,96,37,259.46,0,2011
The Roommate,Independent,4,29,Horror,37.3,3.19,40.49,16,253.08,0,2011
The Rum Diary,Independent,50,48,Drama,13.07,8.48,21.55,45,47.89,0,2011
The Sitter,Fox,22,43,Comedy,30.44,4.14,34.58,25,138.32,0,2011
The Smurfs,Sony Pictures Animation,23,50,Animation,142.61,419.54,562.16,110,511.05,0,2011
The Son Of No One,Independent,18,61,Thriller,0.03,0,0.03,15,0.2,0,2011
The Thing,Universal,36,52,Horror,16.93,10.5,27.43,38,72.18,0,2011
The Three Musketeers,Independent,24,48,Action,20.25,111.9,132.15,75,176.2,0,2011
The Tree Of Life,Independent,84,61,Drama,13.3,41,54.3,32,169.7,0,2011
Thor,Disney,77,80,Action,181.03,267.48,448.51,150,299.01,0,2011
Tinker Tailor Soldier Spy,Focus,83,68,Thriller,23.91,53.84,77.75,21,370.24,0,2011
Tower Heist,Relativity,68,61,Comedy,78.04,86.5,164.54,75,219.39,0,2011
Transformers: Dark of the Moon,DreamWorks Pictures,35,67,Action,352.39,770.81,1123.2,195,576,0,2011
Trespass,Independent,11,24,Thriller,0.02,3.1,3.12,35,8.93,0,2011
Twilight: Breaking Dawn,Independent,26,68,Romance,281.17,421,702.17,110,638.34,0,2011
Unknown,Independent,55,57,Thriller,63.69,67.1,130.79,30,435.95,0,2011
Vanishing on 7th Street,Independent,52,62,Horror,0.02,1.05,1.07,10,10.67,0,2011
Waiting For Forever,Independent,6,53,Romance,0.03,0,0.03,5,0.5,0,2011
War Horse,Disney,77,73,Drama,79.04,88.5,167.54,66,253.85,0,2011
Warrior,Lionsgate,83,93,Action,13.66,9.4,23.06,25,92.23,0,2011
Water For Elephants,20th Century Fox,60,72,Drama,58.71,58.39,117.09,38,308.14,0,2011
We Bought a Zoo,Fox,63,79,Comedy,74.48,26.7,101.18,50,202.36,0,2011
What's Your Number,20th Century Fox,24,50,Comedy,14.01,16.42,30.43,20,152.13,0,2011
Winnie The Pooh,Disney,91,79,Animation,26.69,6.46,33.15,30,110.51,0,2011
X-Men: First Class,Disney,87,88,Action,146.41,207.22,353.62,160,221.01,0,2011
Your Highness,Universal,26,36,Comedy,21.6,3.26,24.86,49.9,49.81,0,2011
Zookeeper,Happy Madison Productions,14,42,Comedy,80.36,89.94,170.3,80,212.88,0,2011
